users,mean_rt,lower_ci,upper_ci,throughput,goodput,badput,utilization,drop_rate,avg_num_system,avg_queue_length
20,7.71128,7.65987,7.76268,1.57367,1.57367,0,0.0982447,0,12.1332,0
25,10.6175,10.5358,10.6992,1.60092,1.60092,0,0.0996343,0,16.9958,0
30,13.8227,13.7293,13.9161,1.59439,1.59439,0,0.0996632,0,22.0292,0
35,16.8424,16.7373,16.9475,1.6027,1.6027,0,0.0997073,0,26.9874,0
40,20.0638,19.9395,20.1881,1.59632,1.59632,0,0.0996812,0,32.0205,0
45,23.2856,23.1653,23.4059,1.59058,1.59058,0,0.0996545,0,37.0473,0
50,26.2462,26.08,26.4125,1.60038,1.60038,0,0.0997086,0,41.9996,0
55,29.4914,29.3532,29.6296,1.59468,1.59468,0,0.0996821,0,47.0272,0
60,32.6372,32.5072,32.7672,1.594,1.594,0,0.0996661,0,52.029,0
65,35.8454,35.6445,36.0464,1.59159,1.59159,0,0.0996506,0,57.0406,0.000673897
70,38.7337,38.5691,38.8983,1.60066,1.60066,0,0.0997106,0,61.995,0.416277
75,41.9094,41.7346,42.0842,1.59892,1.59892,0,0.0997098,0,67.0052,3.31832
80,45.1977,44.9818,45.4136,1.59396,1.59396,0,0.0996473,0,72.0282,8.04285
85,48.4193,48.1292,48.7095,1.59117,1.59117,0,0.0996619,0,77.0431,13.0434
90,51.5896,51.3348,51.8443,1.59039,1.59039,0,0.0996566,0,82.0466,18.0466
95,54.3604,54.0731,54.6478,1.60052,1.60052,0,0.0996966,0,86.9961,22.9961
100,57.6295,57.3573,57.9017,1.59695,1.59695,0,0.0997041,0,92.0152,28.0152
105,60.774,60.4977,61.0503,1.5963,1.5963,0,0.0996663,0,97.0164,33.0164
110,64.0132,63.6994,64.3269,1.59415,1.59415,0,0.0996682,0,102.031,38.0312
115,67.0748,66.7954,67.3541,1.59583,1.59583,0,0.0996685,0,107.021,43.0211
120,70.3658,70.0796,70.652,1.59206,1.59206,0,0.0996587,0,112.04,48.0397
125,73.5559,73.0951,74.0166,1.591,1.591,0,0.0996592,0,117.048,53.0481
130,76.4092,75.9822,76.8363,1.59732,1.59732,0,0.0996748,0,122.013,58.0131
135,79.9301,79.5568,80.3034,1.58996,1.58996,0,0.0996456,0,127.05,63.0503
140,82.981,82.5348,83.4272,1.59124,1.59124,0,0.0996521,0,132.043,68.0427
145,85.8919,85.4598,86.3239,1.59523,1.59523,0,0.0996786,0,137.025,73.0251
150,88.8836,88.4619,89.3053,1.59795,1.59795,0,0.0996838,0,142.009,78.0086
155,92.5804,92.0253,93.1355,1.58853,1.58853,0,0.0996282,0,147.059,83.0587
160,95.1944,94.685,95.7038,1.59672,1.59672,0,0.0996669,0,152.014,88.0138
165,98.4463,98.0117,98.8808,1.59554,1.59554,0,0.0996672,0,157.024,93.0238
170,101.666,101.123,102.208,1.5935,1.5935,0,0.0996505,0,162.032,98.0324
175,105.108,104.661,105.555,1.58932,1.58932,0,0.0996578,0,167.053,103.053
180,108.133,107.624,108.641,1.59125,1.59125,0,0.0996545,0,172.043,108.043
185,111.282,110.776,111.788,1.59087,1.59087,0,0.0996593,0,177.047,113.047
190,113.81,113.103,114.517,1.60024,1.60024,0,0.0996991,0,182.001,118.001
195,117.545,117,118.091,1.59172,1.59172,0,0.0996505,0,187.039,123.039
200,120.263,119.598,120.928,1.59637,1.59637,0,0.0996721,0,192.016,128.016
